CheckpointX,CheckpointY,Time
1,2,5.12
3,4,2.84
3,4,3
4,5,3.400002
4,5,4.66
5,6,5.66
5,6,5.66
3,4,0.96
3,4,1.8
4,5,7.6
4,5,7.72
1,2,2.54
1,2,7.54
1,2,2.360001
1,2,6.860001
1,2,0.9599999
1,2,1.28
1,2,1.5
1,2,9.48
1,2,9.58
1,2,3.379997
1,2,3.540001
3,4,0.9599996
3,4,1.36
4,5,9.48
4,5,9.6
4,5,12.08
4,5,25.6
